cid,server_round,elapsed
A,1,1.2853882089999997
A,2,0.68790525
A,3,0.39344816699999985
A,4,1.2481523329999997
A,5,1.1081516670000005
