cid,server_round,elapsed
A,1,1.085839625000001
A,2,0.3434250409999997
A,3,0.5128846659999997
A,4,0.2983792919999999
A,5,0.7978908329999985
A,6,1.044954208
A,7,1.148207458
A,8,0.8672314589999992
A,9,1.4867895830000002
A,10,1.1411344999999997
