cid,server_round,elapsed
A,1,1.1594111250000196
A,2,1.3107294159999867
A,3,0.960516207999973
A,4,0.8931434579999973
A,5,0.9235185000000001
