cid,server_round,elapsed
B,1,1.1728595409999998
B,2,1.316387458
B,3,0.9730849580000003
B,4,0.8993619159999993
B,5,0.9346508340000002
