cid,server_round,elapsed
B,1,0.856805708
B,2,1.3363916249999999
B,3,0.9577683750000001
B,4,0.635689416
B,5,0.9609300420000002
B,6,0.6938927079999999
B,7,0.7813444999999994
B,8,0.7573150000000002
B,9,1.049287583
B,10,0.442032750000001
B,11,1.4732002079999997
B,12,1.2186712499999999
B,13,0.25509933299999865
B,14,1.0480566249999992
B,15,0.4281771249999977
B,16,0.5065433329999998
B,17,0.6617133750000015
B,18,0.9309227500000006
B,19,1.295462833000002
B,20,0.8317724169999998
