cid,server_round,elapsed
B,1,1.2863173750000003
B,2,0.6821342079999999
B,3,0.3728419169999997
B,4,1.2474964169999998
B,5,1.123234458999999
